opportunity_id,customer_id,sales_rep_id,created_date,close_date,stage,expected_revenue,probability
1,91,12,2024-11-02,2025-04-07,Closed Lost,18070.37,0.0
2,178,11,2025-11-23,2025-12-14,Closed Lost,18931.35,0.0
3,92,15,2025-10-20,2025-11-15,Prospecting,76819.79,0.1
4,402,10,2024-07-06,2024-09-04,Proposal,11165.72,0.5
5,254,2,2023-09-15,2024-01-31,Negotiation,20915.01,0.7
6,325,2,2023-11-12,2024-01-10,Prospecting,47002.52,0.1
7,493,13,2023-09-23,2024-02-11,Closed Lost,8352.46,0.0
8,426,10,2023-01-06,2023-06-23,Negotiation,39399.14,0.7
9,213,1,2024-07-14,2024-09-12,Qualification,28703.66,0.25
10,492,7,2024-01-07,2024-06-28,Closed Lost,38160.79,0.0
11,364,13,2024-05-18,2024-08-26,Negotiation,28495.48,0.7
12,254,2,2024-01-03,2024-06-09,Closed Won,66733.0,1.0
13,370,3,2023-12-17,2024-03-17,Qualification,10369.15,0.25
14,117,12,2024-07-04,2024-12-31,Closed Lost,95700.89,0.0
15,343,13,2023-07-15,2023-11-20,Qualification,65312.46,0.25
16,382,10,2025-11-05,2025-12-31,Prospecting,27060.56,0.1
17,453,5,2025-01-14,2025-03-05,Negotiation,6077.86,0.7
18,79,6,2024-05-18,2024-08-18,Proposal,65858.66,0.5
19,478,12,2024-06-09,2024-06-25,Proposal,92832.46,0.5
20,493,4,2024-04-30,2024-05-18,Negotiation,89592.11,0.7
21,188,17,2024-04-07,2024-09-17,Prospecting,1422.52,0.1
22,85,7,2023-10-04,2024-02-09,Proposal,84718.57,0.5
23,386,12,2024-07-02,2024-07-22,Closed Won,49689.66,1.0
24,172,12,2025-05-07,2025-10-04,Closed Lost,23321.09,0.0
25,303,18,2025-01-02,2025-04-21,Qualification,51402.77,0.25
26,453,7,2023-05-10,2023-09-28,Qualification,56097.85,0.25
27,297,18,2025-06-17,2025-09-08,Closed Won,79230.55,1.0
28,251,7,2023-03-28,2023-04-15,Proposal,71940.51,0.5
29,499,5,2024-02-19,2024-07-09,Prospecting,46624.09,0.1
30,345,10,2025-04-11,2025-09-26,Negotiation,1095.95,0.7
31,466,12,2023-01-21,2023-04-15,Proposal,46139.18,0.5
32,8,11,2023-02-23,2023-03-28,Negotiation,80923.18,0.7
33,166,17,2025-04-24,2025-10-21,Negotiation,35353.99,0.7
34,478,13,2023-03-21,2023-09-09,Negotiation,32984.4,0.7
35,149,6,2025-10-14,2025-11-24,Qualification,20993.61,0.25
36,205,8,2023-03-28,2023-06-07,Qualification,2796.16,0.25
37,424,14,2023-05-12,2023-10-12,Prospecting,86872.95,0.1
38,196,8,2025-08-19,2025-09-20,Closed Lost,84926.64,0.0
39,409,3,2024-11-27,2025-05-04,Prospecting,76415.64,0.1
40,79,18,2024-09-08,2024-10-22,Prospecting,97615.36,0.1
41,111,6,2025-03-25,2025-04-28,Qualification,81757.06,0.25
42,367,5,2025-04-22,2025-10-19,Prospecting,27687.33,0.1
43,134,20,2024-08-11,2024-11-10,Proposal,14500.1,0.5
44,77,8,2023-11-16,2024-01-05,Proposal,24745.94,0.5
45,98,5,2023-09-27,2023-10-18,Prospecting,3695.71,0.1
46,338,6,2025-07-05,2025-11-23,Closed Won,17958.66,1.0
47,329,19,2024-06-26,2024-12-19,Qualification,33958.17,0.25
48,120,11,2025-09-27,2025-12-31,Prospecting,71700.49,0.1
49,195,4,2024-04-16,2024-06-03,Closed Won,32948.7,1.0
50,458,17,2025-09-19,2025-12-31,Qualification,59249.94,0.25
51,193,10,2024-07-16,2024-11-04,Closed Lost,49331.05,0.0
52,235,19,2023-04-25,2023-09-16,Closed Won,86951.85,1.0
53,141,1,2025-01-13,2025-03-16,Negotiation,7842.36,0.7
54,306,2,2024-01-23,2024-01-30,Closed Lost,47028.67,0.0
55,66,16,2025-03-14,2025-05-22,Qualification,38295.06,0.25
56,217,16,2024-01-20,2024-02-27,Closed Lost,96991.65,0.0
57,478,7,2023-12-02,2024-03-25,Prospecting,49498.43,0.1
58,165,20,2025-05-29,2025-07-22,Closed Won,15412.43,1.0
59,372,6,2025-08-21,2025-12-21,Negotiation,20352.76,0.7
60,144,14,2024-09-07,2024-11-02,Closed Won,16463.78,1.0
61,83,17,2023-12-07,2024-05-14,Qualification,17409.63,0.25
62,43,7,2024-04-01,2024-05-28,Closed Won,72351.33,1.0
63,112,11,2025-10-21,2025-12-31,Qualification,72465.19,0.25
64,15,19,2023-02-27,2023-06-12,Qualification,49049.19,0.25
65,143,10,2024-08-19,2024-09-05,Closed Lost,69056.47,0.0
66,83,6,2023-06-02,2023-07-22,Proposal,34500.99,0.5
67,346,1,2023-11-14,2024-01-24,Proposal,39399.18,0.5
68,295,8,2025-12-05,2025-12-31,Closed Lost,57162.67,0.0
69,81,20,2024-12-14,2024-12-29,Proposal,42083.33,0.5
70,143,4,2024-01-23,2024-03-20,Closed Lost,95491.08,0.0
71,416,8,2024-12-22,2025-02-17,Proposal,55728.86,0.5
72,483,19,2024-02-29,2024-07-18,Negotiation,51337.97,0.7
73,413,20,2025-01-17,2025-07-02,Prospecting,73405.14,0.1
74,297,9,2023-02-14,2023-05-19,Qualification,76482.01,0.25
75,177,2,2024-11-27,2025-04-26,Negotiation,36779.44,0.7
76,245,5,2025-11-07,2025-12-31,Proposal,81053.53,0.5
77,98,1,2024-04-05,2024-05-28,Closed Lost,70116.13,0.0
78,448,3,2023-01-12,2023-05-22,Prospecting,56396.32,0.1
79,153,13,2025-06-11,2025-11-19,Proposal,50792.58,0.5
80,386,12,2025-07-23,2025-10-10,Negotiation,72190.46,0.7
81,128,12,2023-12-11,2024-05-24,Prospecting,27618.84,0.1
82,395,13,2025-02-18,2025-05-28,Prospecting,56043.88,0.1
83,481,1,2023-10-07,2024-04-01,Qualification,46349.37,0.25
84,189,9,2023-12-20,2024-03-21,Qualification,68071.26,0.25
85,457,12,2023-07-31,2023-09-04,Closed Lost,67126.57,0.0
86,37,5,2024-12-28,2025-04-19,Qualification,65681.03,0.25
87,459,17,2025-05-15,2025-11-06,Negotiation,45124.07,0.7
88,487,2,2023-02-23,2023-08-14,Closed Won,82913.0,1.0
89,19,8,2024-10-03,2025-03-04,Negotiation,30919.5,0.7
90,148,11,2024-02-15,2024-06-09,Proposal,17882.01,0.5
91,139,8,2024-02-11,2024-03-28,Prospecting,43587.37,0.1
92,113,10,2023-10-15,2024-02-03,Closed Lost,7648.09,0.0
93,177,5,2023-05-01,2023-10-25,Qualification,48367.11,0.25
94,34,11,2024-06-29,2024-08-23,Prospecting,5258.05,0.1
95,16,20,2025-04-22,2025-09-12,Qualification,65404.0,0.25
96,40,6,2025-01-17,2025-03-26,Closed Lost,96838.55,0.0
97,395,13,2023-12-01,2024-03-10,Qualification,74025.13,0.25
98,282,15,2024-07-18,2024-12-22,Negotiation,28890.8,0.7
99,343,13,2023-05-07,2023-09-02,Negotiation,65402.05,0.7
100,322,8,2024-08-17,2024-11-04,Qualification,51120.03,0.25
101,236,17,2023-03-17,2023-07-21,Closed Lost,73968.14,0.0
102,19,4,2023-06-12,2023-06-29,Closed Lost,7849.36,0.0
103,5,12,2023-10-04,2023-12-25,Proposal,52847.43,0.5
104,66,4,2025-03-13,2025-08-22,Closed Lost,30433.8,0.0
105,301,1,2023-08-19,2024-01-03,Negotiation,31431.65,0.7
106,424,2,2023-02-22,2023-05-11,Proposal,58833.09,0.5
107,353,3,2023-05-07,2023-09-03,Qualification,70164.57,0.25
108,146,19,2024-08-23,2025-01-22,Qualification,99920.05,0.25
109,149,2,2024-03-01,2024-03-12,Closed Lost,95804.15,0.0
110,235,2,2024-06-26,2024-07-24,Qualification,8265.07,0.25
111,179,12,2024-07-16,2024-09-13,Prospecting,3892.93,0.1
112,268,17,2023-01-20,2023-03-23,Prospecting,37078.8,0.1
113,213,1,2025-07-22,2025-12-16,Proposal,4850.78,0.5
114,137,4,2025-05-31,2025-09-28,Proposal,65100.75,0.5
115,37,11,2024-06-26,2024-11-13,Qualification,35210.75,0.25
116,137,5,2025-04-05,2025-04-17,Closed Won,35766.87,1.0
117,34,11,2025-07-26,2025-12-01,Prospecting,68844.64,0.1
118,494,11,2024-04-16,2024-09-08,Negotiation,12370.97,0.7
119,223,6,2023-09-08,2023-10-15,Prospecting,90814.3,0.1
120,190,20,2025-08-22,2025-09-22,Proposal,21572.8,0.5
121,54,14,2024-01-30,2024-04-13,Prospecting,4540.38,0.1
122,358,16,2024-10-28,2024-11-06,Closed Lost,26220.75,0.0
123,435,2,2024-01-18,2024-04-15,Proposal,22329.64,0.5
124,96,5,2025-10-14,2025-12-11,Negotiation,89772.2,0.7
125,17,18,2023-01-15,2023-05-14,Qualification,32868.86,0.25
126,154,1,2024-09-19,2024-12-17,Closed Lost,75013.89,0.0
127,379,20,2025-11-25,2025-12-31,Closed Lost,79325.76,0.0
128,393,8,2025-05-27,2025-11-22,Closed Won,13704.56,1.0
129,8,19,2024-04-25,2024-08-14,Prospecting,10814.31,0.1
130,484,9,2024-05-01,2024-05-27,Closed Won,98327.02,1.0
131,259,4,2023-05-01,2023-05-14,Closed Won,61504.54,1.0
132,57,19,2023-12-04,2024-05-18,Negotiation,94207.8,0.7
133,330,6,2023-10-05,2024-03-29,Closed Lost,84685.26,0.0
134,157,3,2025-11-23,2025-12-31,Negotiation,85904.41,0.7
135,410,12,2024-11-17,2025-04-24,Proposal,62639.62,0.5
136,170,2,2024-06-26,2024-12-12,Qualification,30487.47,0.25
137,89,16,2023-11-01,2024-02-19,Negotiation,26799.29,0.7
138,305,13,2024-05-12,2024-10-02,Closed Lost,43915.83,0.0
139,43,2,2025-06-14,2025-08-31,Closed Won,7192.64,1.0
140,374,5,2024-11-15,2024-12-09,Qualification,56987.1,0.25
141,377,14,2025-08-17,2025-09-30,Proposal,19713.55,0.5
142,120,13,2025-10-06,2025-12-31,Negotiation,62135.53,0.7
143,253,1,2025-07-21,2025-11-22,Closed Won,7598.28,1.0
144,258,20,2025-11-11,2025-12-22,Proposal,96103.18,0.5
145,356,8,2024-04-01,2024-09-17,Proposal,9241.2,0.5
146,92,2,2024-01-27,2024-02-27,Proposal,45986.12,0.5
147,198,3,2024-01-05,2024-07-01,Qualification,79353.86,0.25
148,229,5,2025-03-04,2025-08-22,Qualification,2599.0,0.25
149,330,13,2024-10-28,2024-12-03,Closed Lost,14901.96,0.0
150,217,4,2023-04-29,2023-09-26,Negotiation,95159.41,0.7
151,345,8,2023-06-29,2023-07-11,Closed Won,27815.98,1.0
152,344,16,2023-02-25,2023-07-27,Qualification,66170.61,0.25
153,11,17,2025-03-11,2025-07-19,Qualification,75983.57,0.25
154,299,20,2025-05-04,2025-07-08,Qualification,22635.86,0.25
155,208,16,2024-12-10,2024-12-28,Negotiation,39713.31,0.7
156,11,17,2025-05-26,2025-06-04,Closed Lost,34696.48,0.0
157,472,2,2023-02-24,2023-08-16,Prospecting,34636.14,0.1
158,321,20,2023-04-20,2023-09-14,Qualification,5262.06,0.25
159,303,17,2024-01-18,2024-04-26,Prospecting,69492.27,0.1
160,476,10,2023-03-15,2023-06-19,Proposal,89222.84,0.5
161,148,3,2024-09-30,2024-10-26,Closed Won,57817.44,1.0
162,201,2,2023-09-17,2023-11-29,Qualification,42360.23,0.25
163,326,19,2025-01-31,2025-02-10,Closed Lost,18825.79,0.0
164,61,17,2023-03-28,2023-07-25,Negotiation,10129.01,0.7
165,108,14,2023-08-13,2023-11-07,Closed Won,87859.26,1.0
166,122,5,2025-10-07,2025-12-31,Proposal,61381.51,0.5
167,427,3,2023-07-11,2023-11-10,Negotiation,28629.24,0.7
168,191,1,2023-09-01,2024-01-08,Negotiation,44449.74,0.7
169,174,7,2023-03-25,2023-06-11,Qualification,82747.07,0.25
170,482,5,2023-08-04,2023-11-04,Negotiation,36087.17,0.7
171,276,8,2023-12-30,2024-06-12,Proposal,6191.28,0.5
172,31,7,2025-03-17,2025-04-02,Qualification,94735.98,0.25
173,227,12,2025-05-19,2025-09-29,Proposal,55966.33,0.5
174,396,11,2025-03-21,2025-07-26,Proposal,85489.1,0.5
175,358,16,2023-06-03,2023-08-29,Qualification,26612.41,0.25
176,255,1,2024-08-05,2024-10-02,Closed Won,93474.25,1.0
177,280,2,2025-11-27,2025-12-30,Qualification,6615.39,0.25
178,439,1,2023-02-22,2023-04-23,Negotiation,54437.56,0.7
179,411,1,2023-08-25,2023-09-01,Qualification,63767.25,0.25
180,50,13,2025-10-26,2025-12-10,Qualification,26451.21,0.25
181,296,15,2023-01-20,2023-06-28,Closed Lost,61837.27,0.0
182,413,12,2024-12-12,2025-04-23,Closed Lost,52505.28,0.0
183,10,16,2023-08-22,2023-12-09,Negotiation,9352.39,0.7
184,307,2,2025-03-22,2025-06-03,Proposal,27320.26,0.5
185,344,13,2024-07-28,2024-09-30,Closed Won,29604.03,1.0
186,354,6,2023-06-03,2023-09-29,Closed Lost,14989.71,0.0
187,10,11,2025-08-12,2025-12-10,Qualification,43721.21,0.25
188,196,1,2024-07-04,2024-12-23,Prospecting,17767.95,0.1
189,408,14,2024-01-04,2024-05-23,Closed Lost,30925.13,0.0
190,47,17,2024-12-29,2025-03-30,Closed Won,15069.36,1.0
191,206,9,2024-10-11,2025-01-24,Closed Won,51207.11,1.0
192,141,12,2024-03-20,2024-05-15,Closed Lost,58914.09,0.0
193,91,8,2024-01-25,2024-07-05,Prospecting,53691.92,0.1
194,402,10,2024-08-25,2025-01-21,Negotiation,41651.33,0.7
195,434,8,2024-09-13,2024-11-24,Qualification,73459.87,0.25
196,331,2,2025-06-22,2025-08-27,Negotiation,77342.56,0.7
197,115,15,2023-05-07,2023-09-22,Proposal,44397.31,0.5
198,54,17,2024-09-18,2025-01-16,Negotiation,75621.62,0.7
199,294,1,2024-03-22,2024-09-12,Proposal,18792.44,0.5
200,85,16,2023-01-27,2023-03-15,Proposal,93316.08,0.5
201,371,3,2024-12-01,2025-01-17,Qualification,30244.88,0.25
202,417,14,2024-10-11,2024-11-04,Qualification,12024.81,0.25
203,268,20,2025-10-04,2025-12-31,Closed Lost,1448.4,0.0
204,485,14,2025-04-17,2025-05-05,Prospecting,2953.44,0.1
205,347,6,2024-10-11,2025-02-24,Closed Won,45132.15,1.0
206,216,12,2024-09-27,2024-11-06,Closed Lost,37582.45,0.0
207,169,9,2023-09-25,2024-02-26,Qualification,56122.4,0.25
208,151,11,2023-03-27,2023-09-10,Closed Lost,30753.78,0.0
209,100,17,2023-02-06,2023-04-13,Closed Won,55502.94,1.0
210,200,20,2024-02-11,2024-04-22,Negotiation,98028.89,0.7
211,151,20,2023-02-16,2023-07-06,Prospecting,99896.39,0.1
212,365,13,2025-12-23,2025-12-31,Prospecting,14607.15,0.1
213,364,8,2024-11-08,2025-01-11,Qualification,69045.83,0.25
214,12,16,2023-06-07,2023-09-10,Closed Lost,93620.72,0.0
215,54,20,2023-02-04,2023-06-10,Closed Won,79992.87,1.0
216,255,17,2023-03-28,2023-06-17,Closed Lost,53158.94,0.0
217,264,8,2025-05-20,2025-06-01,Prospecting,36532.43,0.1
218,311,17,2024-05-03,2024-07-19,Proposal,7973.49,0.5
219,178,9,2023-11-02,2024-04-11,Closed Lost,74642.88,0.0
220,255,18,2023-06-28,2023-11-12,Qualification,20730.87,0.25
221,386,10,2025-12-02,2025-12-31,Proposal,65409.83,0.5
222,469,10,2023-10-24,2024-01-28,Prospecting,46327.76,0.1
223,103,20,2024-03-31,2024-08-19,Qualification,5536.55,0.25
224,411,2,2024-12-29,2025-06-26,Prospecting,65386.14,0.1
225,444,11,2025-06-26,2025-11-10,Negotiation,45276.54,0.7
226,98,11,2024-11-15,2024-11-22,Prospecting,77952.84,0.1
227,197,2,2025-09-18,2025-12-31,Closed Lost,89380.08,0.0
228,200,3,2024-03-26,2024-07-11,Negotiation,21688.86,0.7
229,44,12,2024-07-05,2024-08-27,Proposal,47704.52,0.5
230,316,11,2023-07-10,2023-11-05,Closed Lost,23165.55,0.0
231,141,17,2025-06-13,2025-10-04,Closed Lost,7374.62,0.0
232,155,18,2023-11-17,2024-01-30,Closed Lost,24965.63,0.0
233,357,15,2024-12-01,2024-12-27,Negotiation,53221.95,0.7
234,391,13,2025-01-10,2025-05-23,Negotiation,21093.64,0.7
235,253,9,2023-05-20,2023-08-01,Negotiation,3918.79,0.7
236,460,2,2023-06-26,2023-12-02,Negotiation,31350.82,0.7
237,347,17,2023-05-06,2023-10-10,Qualification,33412.98,0.25
238,336,14,2024-02-19,2024-08-17,Proposal,92794.53,0.5
239,414,18,2023-09-16,2024-01-15,Closed Won,25691.22,1.0
240,134,1,2025-08-28,2025-12-31,Negotiation,38860.12,0.7
241,242,4,2023-10-02,2023-12-05,Proposal,93951.01,0.5
242,232,9,2024-08-02,2024-11-05,Prospecting,88708.86,0.1
243,84,14,2023-01-14,2023-02-22,Closed Won,65101.72,1.0
244,93,19,2024-12-30,2025-06-20,Negotiation,96447.03,0.7
245,199,6,2024-04-01,2024-09-25,Negotiation,48389.12,0.7
246,423,9,2025-07-19,2025-10-28,Proposal,34763.9,0.5
247,496,17,2023-01-29,2023-04-05,Proposal,58830.47,0.5
248,184,11,2024-05-20,2024-10-28,Negotiation,36763.63,0.7
249,481,6,2024-04-30,2024-08-17,Closed Lost,30541.47,0.0
250,18,11,2024-01-07,2024-01-26,Closed Won,26938.37,1.0
251,184,17,2024-06-10,2024-08-22,Negotiation,86694.86,0.7
252,363,1,2024-02-16,2024-07-28,Closed Lost,97865.08,0.0
253,198,20,2023-05-20,2023-10-17,Closed Lost,65850.76,0.0
254,123,17,2023-12-03,2024-04-02,Prospecting,27983.4,0.1
255,436,12,2024-11-09,2024-12-23,Closed Won,45623.64,1.0
256,333,9,2025-11-26,2025-12-31,Proposal,65492.38,0.5
257,318,15,2024-04-05,2024-04-18,Qualification,82473.97,0.25
258,447,6,2024-05-06,2024-09-30,Proposal,31762.46,0.5
259,394,9,2024-07-28,2024-08-19,Qualification,61913.78,0.25
260,269,13,2023-01-16,2023-04-10,Closed Lost,43006.82,0.0
261,103,9,2023-04-06,2023-08-29,Closed Lost,45686.54,0.0
262,413,15,2023-12-23,2024-05-02,Qualification,31426.88,0.25
263,234,7,2023-08-01,2023-09-05,Proposal,45097.66,0.5
264,209,4,2025-09-10,2025-12-31,Prospecting,34796.35,0.1
265,109,13,2025-04-06,2025-05-23,Prospecting,74314.89,0.1
266,370,16,2025-08-28,2025-09-25,Qualification,74463.21,0.25
267,328,7,2024-02-09,2024-03-03,Proposal,2985.2,0.5
268,204,14,2023-06-04,2023-11-03,Closed Lost,84504.5,0.0
269,383,13,2025-04-30,2025-06-06,Negotiation,17791.99,0.7
270,246,13,2025-12-06,2025-12-31,Closed Lost,73496.6,0.0
271,160,15,2023-12-19,2024-01-14,Closed Won,14723.0,1.0
272,334,18,2024-01-07,2024-02-15,Proposal,49909.49,0.5
273,234,4,2025-05-17,2025-09-13,Prospecting,98703.27,0.1
274,266,19,2025-03-14,2025-07-12,Prospecting,64148.65,0.1
275,234,18,2025-01-05,2025-05-09,Closed Won,14953.36,1.0
276,78,20,2025-01-28,2025-03-20,Qualification,95703.85,0.25
277,97,10,2025-10-26,2025-11-16,Prospecting,78729.61,0.1
278,175,9,2023-05-24,2023-07-27,Negotiation,24678.51,0.7
279,419,4,2023-09-21,2023-12-10,Negotiation,83398.22,0.7
280,96,6,2023-05-15,2023-08-18,Proposal,52271.51,0.5
281,171,3,2023-05-16,2023-10-12,Prospecting,82838.63,0.1
282,231,1,2025-06-29,2025-07-29,Closed Won,96826.94,1.0
283,500,20,2025-06-09,2025-10-10,Negotiation,65662.75,0.7
284,435,13,2024-02-09,2024-03-16,Qualification,10621.93,0.25
285,99,13,2024-09-01,2024-11-27,Qualification,55800.13,0.25
286,5,8,2024-08-29,2024-10-16,Proposal,32916.99,0.5
287,378,6,2025-01-08,2025-03-18,Qualification,69742.15,0.25
288,486,10,2023-07-01,2023-07-16,Prospecting,16889.13,0.1
289,306,3,2025-04-06,2025-08-06,Proposal,77157.37,0.5
290,184,19,2024-08-21,2025-01-23,Closed Won,67184.03,1.0
291,360,16,2025-07-08,2025-11-12,Prospecting,24014.79,0.1
292,372,5,2023-01-04,2023-04-13,Negotiation,53753.04,0.7
293,35,9,2025-01-27,2025-06-24,Qualification,19474.43,0.25
294,412,7,2024-03-19,2024-06-18,Proposal,37718.69,0.5
295,352,8,2025-03-22,2025-07-27,Closed Won,51518.95,1.0
296,324,10,2025-06-13,2025-10-26,Negotiation,24292.01,0.7
297,60,1,2024-09-30,2024-12-25,Closed Won,51268.15,1.0
298,441,15,2025-04-06,2025-06-01,Qualification,78614.5,0.25
299,194,1,2024-01-31,2024-06-30,Qualification,63742.16,0.25
300,316,20,2024-07-16,2024-08-27,Closed Won,30158.19,1.0
301,90,9,2023-10-15,2023-11-10,Prospecting,61806.33,0.1
302,406,11,2025-07-04,2025-09-16,Qualification,64587.33,0.25
303,278,6,2023-04-13,2023-08-08,Closed Won,66706.45,1.0
304,258,16,2023-05-03,2023-10-04,Closed Won,74048.31,1.0
305,10,7,2023-10-03,2023-11-09,Prospecting,14702.04,0.1
306,259,7,2025-11-13,2025-12-28,Closed Lost,59612.5,0.0
307,400,12,2023-03-25,2023-04-27,Proposal,88988.32,0.5
308,41,14,2024-12-16,2025-03-09,Negotiation,98441.79,0.7
309,487,8,2023-05-05,2023-10-19,Negotiation,51772.94,0.7
310,16,1,2023-03-20,2023-06-14,Closed Lost,96725.29,0.0
311,41,7,2024-10-31,2025-01-15,Negotiation,52560.23,0.7
312,214,1,2023-08-31,2023-11-16,Qualification,91847.72,0.25
313,53,4,2025-01-02,2025-05-15,Proposal,20406.95,0.5
314,318,20,2023-09-03,2023-12-07,Proposal,57857.35,0.5
315,243,20,2023-09-24,2024-02-25,Prospecting,76099.18,0.1
316,454,20,2023-08-09,2024-01-15,Negotiation,84402.61,0.7
317,150,3,2023-04-07,2023-09-15,Prospecting,24259.39,0.1
318,359,19,2025-09-30,2025-12-31,Negotiation,32382.44,0.7
319,155,18,2023-09-21,2023-10-02,Proposal,97848.75,0.5
320,14,3,2024-02-22,2024-06-09,Prospecting,90203.17,0.1
321,43,11,2025-05-11,2025-09-28,Prospecting,11634.06,0.1
322,150,7,2024-03-19,2024-07-10,Prospecting,62782.7,0.1
323,101,9,2024-09-05,2024-12-14,Closed Lost,84618.42,0.0
324,436,19,2025-10-06,2025-12-05,Qualification,6823.32,0.25
325,172,7,2025-04-27,2025-05-12,Prospecting,37789.77,0.1
326,395,12,2023-03-01,2023-06-07,Qualification,18727.63,0.25
327,288,18,2025-06-03,2025-07-24,Proposal,68038.74,0.5
328,136,14,2023-02-05,2023-04-29,Closed Won,50050.1,1.0
329,183,4,2024-07-19,2024-12-14,Closed Lost,33715.7,0.0
330,368,10,2025-04-08,2025-09-07,Closed Lost,21821.53,0.0
331,388,10,2023-03-06,2023-06-06,Closed Lost,89370.7,0.0
332,190,7,2023-07-24,2023-08-20,Closed Lost,57008.87,0.0
333,330,19,2023-07-21,2024-01-04,Prospecting,24210.14,0.1
334,352,1,2023-05-31,2023-09-16,Negotiation,50263.77,0.7
335,468,11,2025-01-07,2025-02-22,Prospecting,98246.49,0.1
336,22,9,2025-10-29,2025-12-31,Closed Won,87656.79,1.0
337,8,2,2024-01-23,2024-07-03,Proposal,15295.98,0.5
338,74,11,2025-11-20,2025-12-31,Closed Lost,53577.8,0.0
339,312,18,2024-10-26,2025-03-05,Closed Won,79285.99,1.0
340,232,16,2023-04-03,2023-05-29,Negotiation,3347.0,0.7
341,496,18,2024-02-27,2024-03-26,Qualification,6122.54,0.25
342,266,12,2025-04-18,2025-09-17,Closed Lost,69089.96,0.0
343,235,18,2024-02-25,2024-03-18,Negotiation,25948.89,0.7
344,371,19,2023-06-09,2023-08-03,Proposal,97530.41,0.5
345,8,11,2024-12-15,2025-06-07,Prospecting,92495.84,0.1
346,364,13,2023-04-28,2023-05-23,Closed Won,10996.74,1.0
347,496,9,2023-06-03,2023-10-14,Prospecting,1233.16,0.1
348,56,5,2025-11-20,2025-12-31,Proposal,73087.43,0.5
349,54,1,2024-01-29,2024-07-24,Proposal,51127.3,0.5
350,168,8,2024-08-05,2025-02-01,Proposal,17375.94,0.5
351,221,3,2025-02-27,2025-04-12,Proposal,84344.95,0.5
352,340,19,2024-07-10,2024-09-23,Prospecting,93740.01,0.1
353,30,20,2025-07-01,2025-07-23,Prospecting,91230.16,0.1
354,75,19,2024-01-26,2024-07-20,Qualification,12994.58,0.25
355,57,4,2024-06-07,2024-07-11,Negotiation,80824.63,0.7
356,81,9,2023-07-17,2023-10-10,Closed Won,96982.67,1.0
357,476,5,2023-03-19,2023-08-26,Negotiation,75196.24,0.7
358,419,14,2025-04-22,2025-05-18,Qualification,13221.54,0.25
359,433,2,2024-09-03,2025-01-20,Prospecting,91769.97,0.1
360,107,8,2023-01-04,2023-01-30,Prospecting,17305.0,0.1
361,423,13,2023-02-16,2023-03-26,Negotiation,46020.9,0.7
362,334,15,2024-11-21,2025-03-02,Closed Lost,98707.85,0.0
363,332,7,2024-05-18,2024-07-11,Qualification,55286.88,0.25
364,124,10,2025-03-06,2025-07-20,Proposal,10844.64,0.5
365,259,1,2024-07-30,2024-11-14,Qualification,18346.37,0.25
366,29,11,2025-09-23,2025-12-06,Closed Lost,60672.3,0.0
367,374,19,2024-02-14,2024-07-01,Closed Lost,99584.27,0.0
368,4,20,2023-01-28,2023-05-02,Closed Lost,61759.51,0.0
369,224,18,2024-07-07,2024-08-24,Closed Won,64466.65,1.0
370,229,16,2024-04-18,2024-08-04,Qualification,33804.52,0.25
371,252,6,2024-01-02,2024-01-30,Prospecting,70314.4,0.1
372,427,12,2025-08-14,2025-11-02,Prospecting,95389.08,0.1
373,446,19,2023-06-12,2023-09-16,Closed Lost,46596.38,0.0
374,47,18,2025-11-08,2025-12-06,Proposal,34617.61,0.5
375,405,12,2024-09-30,2025-03-07,Proposal,72100.11,0.5
376,321,11,2023-12-09,2024-05-23,Negotiation,26342.56,0.7
377,66,18,2023-10-15,2023-11-26,Prospecting,48907.46,0.1
378,246,6,2024-09-17,2024-10-30,Proposal,77911.6,0.5
379,80,20,2023-05-03,2023-10-26,Qualification,3226.98,0.25
380,197,11,2023-06-05,2023-11-23,Negotiation,98909.51,0.7
381,135,5,2023-08-06,2024-01-27,Closed Lost,25153.12,0.0
382,252,17,2023-03-09,2023-06-03,Closed Lost,34224.89,0.0
383,491,13,2023-08-16,2023-10-24,Prospecting,29809.97,0.1
384,31,5,2023-10-08,2024-01-18,Qualification,6995.15,0.25
385,60,4,2024-07-28,2024-08-20,Qualification,2550.62,0.25
386,427,10,2024-03-07,2024-03-30,Proposal,43005.01,0.5
387,329,16,2024-01-14,2024-02-11,Proposal,25585.07,0.5
388,435,12,2025-10-25,2025-12-31,Closed Lost,3750.88,0.0
389,69,16,2024-11-18,2025-05-13,Closed Won,14671.23,1.0
390,28,10,2025-08-29,2025-09-11,Closed Lost,13561.7,0.0
391,243,20,2025-08-13,2025-11-30,Closed Won,93568.14,1.0
392,207,19,2025-11-27,2025-12-31,Closed Lost,19199.33,0.0
393,109,12,2025-06-12,2025-12-01,Proposal,8707.76,0.5
394,149,20,2023-02-01,2023-06-02,Closed Lost,44011.73,0.0
395,362,13,2025-02-17,2025-06-19,Qualification,70357.46,0.25
396,14,2,2024-01-25,2024-03-27,Closed Won,41676.88,1.0
397,145,16,2025-06-26,2025-07-31,Prospecting,61979.66,0.1
398,183,6,2024-10-05,2024-10-24,Closed Lost,94932.06,0.0
399,453,16,2023-09-20,2023-10-08,Prospecting,7538.92,0.1
400,359,12,2023-01-17,2023-04-06,Qualification,13730.08,0.25
401,71,7,2024-04-02,2024-06-08,Closed Lost,72055.83,0.0
402,209,3,2023-06-25,2023-09-17,Qualification,22007.36,0.25
403,451,16,2025-06-02,2025-09-20,Closed Lost,86395.64,0.0
404,212,19,2024-09-21,2025-03-20,Proposal,91210.4,0.5
405,310,17,2025-09-23,2025-10-10,Negotiation,12333.04,0.7
406,253,18,2024-11-07,2024-12-01,Prospecting,12652.69,0.1
407,468,7,2025-07-18,2025-08-26,Qualification,58706.85,0.25
408,480,17,2025-10-10,2025-11-16,Proposal,65071.08,0.5
409,67,7,2025-03-31,2025-04-09,Qualification,40832.01,0.25
410,174,17,2025-04-05,2025-05-27,Closed Lost,84212.12,0.0
411,106,15,2024-08-07,2024-11-18,Closed Lost,58495.09,0.0
412,255,12,2023-05-22,2023-08-08,Negotiation,65048.17,0.7
413,331,15,2023-02-22,2023-07-11,Closed Lost,3283.11,0.0
414,324,10,2023-05-15,2023-06-08,Negotiation,53333.14,0.7
415,250,9,2024-07-25,2024-08-13,Prospecting,16458.71,0.1
416,158,8,2025-11-08,2025-12-31,Proposal,17828.53,0.5
417,220,2,2025-06-23,2025-12-02,Qualification,41195.37,0.25
418,403,15,2024-08-09,2024-11-03,Closed Won,75822.51,1.0
419,209,3,2023-08-28,2023-10-04,Closed Won,52878.53,1.0
420,226,8,2025-12-13,2025-12-31,Closed Lost,49488.2,0.0
421,214,15,2024-08-28,2024-12-27,Negotiation,29534.18,0.7
422,237,8,2025-11-26,2025-12-31,Proposal,70325.86,0.5
423,328,17,2024-05-11,2024-10-29,Closed Lost,64368.44,0.0
424,168,10,2025-11-30,2025-12-31,Proposal,42124.05,0.5
425,393,12,2023-09-05,2023-11-05,Proposal,28451.28,0.5
426,327,1,2024-12-04,2025-05-29,Negotiation,60120.06,0.7
427,458,15,2025-07-31,2025-12-31,Closed Lost,7041.79,0.0
428,173,7,2023-04-24,2023-07-19,Closed Lost,64350.06,0.0
429,54,9,2023-02-24,2023-03-08,Prospecting,49008.46,0.1
430,180,19,2023-08-02,2023-09-16,Negotiation,18036.76,0.7
431,321,18,2023-12-26,2024-01-29,Closed Lost,19160.38,0.0
432,133,2,2025-01-01,2025-04-15,Negotiation,69374.59,0.7
433,469,6,2025-01-21,2025-05-01,Proposal,79023.74,0.5
434,325,18,2024-10-30,2024-12-02,Negotiation,47445.48,0.7
435,333,13,2024-12-28,2025-04-24,Proposal,16445.28,0.5
436,225,10,2024-09-22,2024-11-07,Closed Lost,27696.47,0.0
437,79,1,2023-11-13,2024-03-28,Closed Lost,14389.39,0.0
438,2,14,2024-01-14,2024-02-22,Prospecting,28244.88,0.1
439,83,13,2024-08-22,2025-01-22,Negotiation,5154.34,0.7
440,425,4,2024-11-28,2025-01-14,Closed Lost,7108.4,0.0
441,319,14,2024-07-24,2024-12-09,Negotiation,42517.95,0.7
442,18,2,2025-07-13,2025-09-17,Negotiation,17853.82,0.7
443,176,13,2024-05-03,2024-06-20,Prospecting,73741.42,0.1
444,1,14,2024-02-04,2024-03-27,Prospecting,38073.84,0.1
445,199,4,2024-12-12,2024-12-29,Negotiation,89465.02,0.7
446,343,12,2024-11-18,2025-04-12,Closed Won,26088.43,1.0
447,465,9,2023-09-17,2023-11-18,Negotiation,25754.46,0.7
448,18,6,2023-05-28,2023-06-30,Closed Lost,3698.04,0.0
449,207,2,2023-03-09,2023-07-31,Closed Won,38154.44,1.0
450,485,6,2024-09-01,2024-09-22,Negotiation,15234.49,0.7
451,426,15,2023-07-17,2023-10-24,Prospecting,69956.13,0.1
452,303,6,2024-10-07,2024-11-14,Closed Won,38254.47,1.0
453,182,8,2025-04-15,2025-04-29,Proposal,52778.07,0.5
454,139,6,2023-06-15,2023-08-30,Closed Lost,79861.14,0.0
455,462,10,2024-01-03,2024-01-18,Negotiation,82854.05,0.7
456,234,15,2024-03-20,2024-04-16,Closed Lost,5479.77,0.0
457,130,20,2023-12-11,2024-01-29,Qualification,56574.44,0.25
458,205,16,2024-11-11,2025-03-27,Closed Won,20055.37,1.0
459,17,3,2024-08-23,2024-10-11,Closed Won,73034.57,1.0
460,342,17,2025-09-22,2025-12-31,Closed Lost,64473.56,0.0
461,265,2,2025-07-11,2025-09-10,Closed Won,76535.01,1.0
462,17,12,2023-08-30,2023-10-02,Prospecting,80848.25,0.1
463,272,8,2023-12-19,2024-05-22,Qualification,94553.01,0.25
464,253,11,2025-01-15,2025-03-05,Qualification,21827.03,0.25
465,411,1,2023-04-01,2023-06-16,Proposal,79770.1,0.5
466,136,9,2025-03-25,2025-09-15,Qualification,63289.09,0.25
467,143,4,2025-03-28,2025-08-22,Proposal,41566.42,0.5
468,381,12,2023-12-13,2024-04-05,Prospecting,40205.65,0.1
469,300,8,2024-10-27,2025-04-13,Proposal,13849.89,0.5
470,29,5,2024-02-07,2024-07-31,Closed Won,57509.72,1.0
471,380,13,2023-09-05,2023-11-27,Closed Lost,38706.69,0.0
472,38,2,2023-03-13,2023-06-07,Negotiation,67269.86,0.7
473,333,12,2023-11-01,2024-04-12,Negotiation,66537.61,0.7
474,23,9,2024-06-23,2024-09-13,Prospecting,59113.07,0.1
475,86,20,2024-02-11,2024-06-22,Negotiation,86820.4,0.7
476,106,11,2025-04-28,2025-08-30,Prospecting,33684.76,0.1
477,419,6,2025-04-26,2025-06-15,Qualification,94983.49,0.25
478,167,13,2024-07-15,2024-10-31,Closed Lost,27583.68,0.0
479,456,12,2023-01-20,2023-04-12,Closed Won,76243.12,1.0
480,467,13,2023-06-26,2023-07-24,Closed Won,59723.15,1.0
481,442,6,2024-10-17,2025-02-01,Closed Lost,24296.63,0.0
482,60,3,2025-04-07,2025-08-16,Closed Won,8056.98,1.0
483,178,20,2025-10-03,2025-12-31,Proposal,12291.31,0.5
484,298,3,2023-12-17,2024-04-18,Qualification,79855.09,0.25
485,391,5,2025-04-10,2025-09-16,Proposal,94469.18,0.5
486,127,18,2023-09-25,2024-03-05,Qualification,92481.23,0.25
487,405,16,2024-06-10,2024-07-05,Closed Won,44864.92,1.0
488,348,16,2025-03-10,2025-04-08,Negotiation,41116.23,0.7
489,468,12,2023-11-28,2024-01-14,Closed Lost,26577.02,0.0
490,8,16,2025-12-02,2025-12-31,Qualification,44163.75,0.25
491,264,7,2024-03-18,2024-05-24,Closed Lost,28980.77,0.0
492,436,4,2024-02-03,2024-06-09,Closed Won,22595.97,1.0
493,200,14,2024-12-21,2025-06-08,Closed Won,19068.21,1.0
494,13,18,2025-12-05,2025-12-31,Negotiation,64800.5,0.7
495,172,8,2023-02-15,2023-06-25,Closed Won,37552.8,1.0
496,74,16,2023-04-15,2023-04-28,Prospecting,19455.16,0.1
497,210,1,2025-01-16,2025-01-26,Closed Won,20969.61,1.0
498,287,2,2024-07-29,2024-12-03,Prospecting,62260.39,0.1
499,136,5,2024-04-25,2024-06-27,Negotiation,80370.62,0.7
500,422,6,2023-08-17,2023-10-18,Negotiation,29579.72,0.7
501,324,5,2025-10-18,2025-12-31,Qualification,58299.66,0.25
502,293,11,2025-04-14,2025-08-27,Closed Won,28553.83,1.0
503,380,5,2024-06-16,2024-08-02,Negotiation,82499.47,0.7
504,447,17,2024-05-19,2024-07-28,Negotiation,73365.29,0.7
505,242,6,2024-03-14,2024-04-26,Proposal,3948.13,0.5
506,314,17,2025-11-20,2025-12-18,Closed Won,83072.0,1.0
507,39,17,2023-08-03,2024-01-18,Closed Lost,42228.36,0.0
508,16,20,2023-02-22,2023-07-29,Closed Won,82067.07,1.0
509,119,13,2023-05-08,2023-07-21,Prospecting,62872.12,0.1
510,399,10,2023-12-29,2024-04-26,Qualification,99532.46,0.25
511,309,9,2024-11-05,2024-12-14,Qualification,48906.49,0.25
512,69,16,2023-10-06,2024-01-20,Negotiation,24024.37,0.7
513,162,12,2024-01-03,2024-02-26,Qualification,11088.96,0.25
514,50,13,2024-05-02,2024-06-15,Proposal,5968.28,0.5
515,227,9,2024-01-20,2024-03-14,Closed Won,93302.03,1.0
516,203,11,2025-01-10,2025-02-10,Prospecting,70757.53,0.1
517,89,10,2023-05-21,2023-09-13,Prospecting,55117.95,0.1
518,218,14,2024-10-27,2024-11-30,Qualification,20730.17,0.25
519,77,19,2023-01-10,2023-04-14,Negotiation,33047.02,0.7
520,492,16,2025-04-11,2025-07-28,Closed Lost,31177.76,0.0
521,468,5,2023-05-15,2023-06-14,Closed Won,9485.99,1.0
522,294,4,2023-01-08,2023-05-11,Qualification,20137.54,0.25
523,169,12,2023-06-28,2023-11-19,Proposal,97364.28,0.5
524,356,17,2023-04-22,2023-08-12,Qualification,43830.48,0.25
525,378,14,2024-11-27,2024-12-20,Negotiation,46354.53,0.7
526,386,19,2025-01-08,2025-04-15,Closed Won,62247.59,1.0
527,212,19,2023-06-04,2023-11-10,Negotiation,99820.62,0.7
528,71,7,2025-06-25,2025-10-13,Prospecting,74323.35,0.1
529,294,12,2025-02-13,2025-05-01,Proposal,57637.98,0.5
530,3,9,2023-08-02,2023-10-22,Qualification,45580.92,0.25
531,54,14,2024-02-08,2024-04-19,Qualification,30379.03,0.25
532,240,16,2023-11-15,2024-03-11,Qualification,12844.45,0.25
533,51,6,2024-07-10,2024-09-24,Qualification,18929.53,0.25
534,367,19,2024-09-09,2024-10-19,Closed Lost,11663.75,0.0
535,376,19,2025-09-09,2025-11-04,Closed Won,10171.79,1.0
536,54,15,2023-02-27,2023-05-04,Proposal,44931.93,0.5
537,303,12,2024-10-31,2024-12-02,Prospecting,66501.92,0.1
538,377,7,2024-04-29,2024-09-26,Proposal,2459.45,0.5
539,153,11,2024-04-26,2024-06-15,Negotiation,11011.03,0.7
540,163,14,2024-02-29,2024-05-28,Prospecting,96561.5,0.1
541,116,3,2024-02-18,2024-08-15,Closed Lost,30180.93,0.0
542,324,3,2025-06-19,2025-07-15,Closed Won,67697.13,1.0
543,134,15,2025-02-18,2025-04-24,Qualification,76210.33,0.25
544,109,8,2023-06-24,2023-09-30,Proposal,86669.76,0.5
545,249,14,2025-11-02,2025-12-21,Proposal,30966.65,0.5
546,473,18,2023-10-16,2024-04-12,Qualification,4227.96,0.25
547,372,9,2023-09-30,2024-02-29,Closed Lost,59594.89,0.0
548,476,17,2024-11-29,2025-04-26,Closed Lost,5113.94,0.0
549,286,14,2024-09-13,2024-12-17,Negotiation,12731.15,0.7
550,498,3,2023-07-24,2023-12-22,Closed Lost,64796.07,0.0
551,306,20,2025-05-24,2025-07-15,Proposal,94201.66,0.5
552,374,14,2024-02-05,2024-03-10,Proposal,32902.06,0.5
553,265,14,2024-11-24,2024-12-26,Qualification,22481.49,0.25
554,149,13,2023-08-16,2023-10-19,Negotiation,47128.63,0.7
555,6,11,2023-06-17,2023-10-12,Prospecting,43505.3,0.1
556,11,16,2024-07-12,2024-09-18,Qualification,45814.85,0.25
557,256,9,2024-04-30,2024-08-12,Negotiation,8744.54,0.7
558,469,12,2025-09-17,2025-09-25,Negotiation,60942.02,0.7
559,405,17,2024-05-05,2024-05-31,Qualification,11693.71,0.25
560,319,15,2024-09-11,2024-09-18,Closed Lost,69059.36,0.0
561,73,2,2023-10-15,2024-03-22,Negotiation,45184.13,0.7
562,314,7,2024-07-12,2024-08-10,Closed Won,43573.25,1.0
563,456,15,2023-05-14,2023-10-25,Prospecting,64841.36,0.1
564,286,13,2025-07-15,2025-10-10,Closed Lost,69262.51,0.0
565,399,4,2024-06-12,2024-10-22,Proposal,2413.1,0.5
566,450,4,2023-10-22,2024-04-09,Proposal,35107.5,0.5
567,134,13,2025-07-16,2025-10-16,Proposal,80126.4,0.5
568,120,18,2023-07-30,2023-11-25,Prospecting,30201.05,0.1
569,239,5,2024-07-10,2024-07-29,Qualification,60697.57,0.25
570,226,14,2025-02-14,2025-06-23,Proposal,28852.82,0.5
571,67,12,2023-04-28,2023-09-30,Proposal,9812.24,0.5
572,210,2,2023-05-07,2023-10-18,Proposal,39839.39,0.5
573,83,17,2024-03-22,2024-08-06,Proposal,64986.25,0.5
574,108,5,2025-12-06,2025-12-31,Qualification,12472.73,0.25
575,422,10,2025-05-25,2025-10-03,Closed Won,22402.44,1.0
576,344,12,2024-02-20,2024-05-28,Closed Won,70228.73,1.0
577,239,14,2023-08-10,2024-01-19,Negotiation,88322.15,0.7
578,201,19,2024-05-21,2024-10-06,Proposal,51669.6,0.5
579,358,9,2023-10-31,2023-12-13,Proposal,71549.93,0.5
580,216,13,2024-04-09,2024-08-18,Closed Lost,41291.56,0.0
581,237,4,2023-12-28,2024-05-11,Negotiation,10598.4,0.7
582,176,20,2025-06-14,2025-09-23,Qualification,96555.13,0.25
583,474,12,2024-11-12,2025-02-15,Qualification,60944.01,0.25
584,316,11,2023-04-08,2023-08-01,Closed Lost,57243.89,0.0
585,276,14,2025-10-26,2025-12-31,Qualification,61084.73,0.25
586,237,5,2024-04-27,2024-05-19,Closed Won,57799.86,1.0
587,142,4,2025-12-02,2025-12-31,Proposal,69753.58,0.5
588,394,20,2025-07-03,2025-12-05,Qualification,70380.01,0.25
589,290,4,2024-09-04,2024-11-06,Prospecting,31910.95,0.1
590,159,2,2024-06-23,2024-08-09,Prospecting,36266.08,0.1
591,466,5,2025-04-02,2025-08-05,Negotiation,15556.19,0.7
592,12,12,2025-01-08,2025-05-21,Proposal,4266.42,0.5
593,354,15,2023-11-22,2024-05-18,Closed Lost,49003.69,0.0
594,237,14,2023-02-10,2023-04-09,Proposal,25897.27,0.5
595,405,15,2025-02-17,2025-04-24,Prospecting,96507.86,0.1
596,1,19,2025-09-27,2025-12-25,Prospecting,67043.05,0.1
597,393,4,2023-02-27,2023-06-15,Closed Lost,65903.48,0.0
598,410,8,2024-08-02,2024-08-14,Negotiation,17788.58,0.7
599,22,9,2024-07-28,2024-11-16,Prospecting,36892.65,0.1
600,79,19,2023-08-31,2023-09-23,Negotiation,5937.32,0.7
601,422,11,2023-11-07,2023-12-19,Prospecting,59166.07,0.1
602,92,19,2023-06-30,2023-08-29,Closed Won,3809.62,1.0
603,48,10,2024-12-29,2025-01-16,Prospecting,78521.7,0.1
604,229,6,2025-06-22,2025-09-02,Closed Lost,83067.88,0.0
605,124,16,2023-04-23,2023-07-27,Proposal,32878.15,0.5
606,130,20,2025-10-29,2025-12-23,Closed Lost,62185.3,0.0
607,150,11,2025-10-09,2025-12-31,Negotiation,70522.45,0.7
608,423,13,2025-02-10,2025-07-06,Proposal,29071.75,0.5
609,126,18,2024-04-19,2024-06-15,Qualification,82510.94,0.25
610,471,2,2024-09-21,2025-01-12,Proposal,7554.79,0.5
611,28,18,2024-02-29,2024-05-20,Closed Won,20783.2,1.0
612,61,14,2023-10-10,2023-12-31,Prospecting,21636.91,0.1
613,131,9,2023-04-11,2023-07-30,Closed Lost,77324.8,0.0
614,290,8,2023-03-26,2023-05-23,Proposal,64243.48,0.5
615,379,7,2024-08-18,2024-09-24,Negotiation,68602.15,0.7
616,120,2,2024-02-22,2024-05-11,Closed Lost,69039.66,0.0
617,78,4,2025-07-18,2025-08-22,Closed Won,72251.42,1.0
618,344,1,2025-12-24,2025-12-31,Prospecting,80283.21,0.1
619,493,8,2025-06-07,2025-12-01,Qualification,57328.73,0.25
620,326,17,2023-05-18,2023-10-07,Negotiation,46669.26,0.7
621,422,1,2023-08-21,2024-02-16,Prospecting,66480.28,0.1
622,286,8,2023-05-05,2023-06-20,Qualification,91922.06,0.25
623,4,5,2025-03-28,2025-08-29,Closed Lost,48486.12,0.0
624,123,12,2024-12-29,2025-04-30,Closed Won,88392.47,1.0
625,463,3,2025-05-16,2025-08-10,Proposal,66276.25,0.5
626,232,6,2024-01-23,2024-04-28,Proposal,91080.95,0.5
627,290,13,2025-12-07,2025-12-31,Qualification,59591.52,0.25
628,119,17,2023-11-29,2024-02-22,Prospecting,66692.66,0.1
629,37,16,2024-06-21,2024-12-04,Qualification,6700.47,0.25
630,6,20,2024-12-07,2025-05-22,Prospecting,26873.33,0.1
631,98,20,2023-04-01,2023-09-08,Closed Lost,3333.37,0.0
632,193,20,2025-01-17,2025-05-26,Qualification,52598.06,0.25
633,487,3,2024-05-09,2024-10-20,Proposal,24320.03,0.5
634,113,7,2023-02-20,2023-06-05,Closed Lost,48602.16,0.0
635,164,7,2025-11-30,2025-12-31,Negotiation,39015.89,0.7
636,92,10,2024-08-28,2025-01-20,Closed Lost,6194.22,0.0
637,361,6,2025-03-08,2025-06-23,Closed Won,61957.73,1.0
638,371,11,2024-04-27,2024-09-23,Proposal,55236.35,0.5
639,473,4,2024-01-09,2024-01-22,Prospecting,1159.91,0.1
640,158,18,2025-01-15,2025-07-14,Proposal,30970.95,0.5
641,229,9,2024-09-26,2025-02-05,Closed Won,14979.23,1.0
642,422,18,2023-04-27,2023-08-05,Prospecting,80055.26,0.1
643,88,4,2025-08-12,2025-08-22,Qualification,68173.73,0.25
644,28,5,2025-07-14,2025-11-14,Proposal,61918.96,0.5
645,306,17,2024-12-06,2025-02-15,Closed Lost,89791.63,0.0
646,107,6,2024-05-08,2024-10-08,Prospecting,3579.33,0.1
647,118,16,2023-01-13,2023-03-31,Prospecting,72587.43,0.1
648,77,20,2023-09-26,2024-02-10,Prospecting,6424.23,0.1
649,427,15,2025-07-18,2025-09-07,Closed Won,34815.11,1.0
650,110,15,2024-10-31,2025-02-06,Prospecting,16420.4,0.1
651,311,14,2023-04-25,2023-10-13,Prospecting,49893.18,0.1
652,93,6,2024-03-09,2024-05-08,Closed Lost,3286.51,0.0
653,224,18,2024-12-15,2025-01-17,Negotiation,39325.46,0.7
654,214,6,2023-12-23,2024-01-29,Qualification,49421.08,0.25
655,296,12,2023-07-22,2023-09-20,Qualification,30986.59,0.25
656,493,13,2023-12-29,2024-06-16,Closed Won,94749.35,1.0
657,489,6,2024-12-18,2025-04-05,Qualification,7329.24,0.25
658,376,19,2024-10-29,2025-04-07,Prospecting,58763.06,0.1
659,256,12,2024-09-14,2024-12-06,Prospecting,75319.88,0.1
660,387,15,2024-03-02,2024-06-29,Negotiation,84751.15,0.7
661,395,17,2023-12-26,2024-03-31,Negotiation,93583.81,0.7
662,255,14,2024-12-25,2025-05-20,Negotiation,91064.91,0.7
663,166,16,2025-05-05,2025-10-08,Proposal,89966.69,0.5
664,209,12,2025-09-22,2025-09-30,Proposal,12643.54,0.5
665,397,19,2023-04-18,2023-08-04,Negotiation,60308.58,0.7
666,192,19,2025-04-26,2025-07-13,Proposal,7595.43,0.5
667,432,11,2023-01-11,2023-04-08,Closed Won,14597.49,1.0
668,447,6,2025-04-25,2025-09-07,Negotiation,1275.02,0.7
669,256,20,2025-05-19,2025-08-01,Negotiation,95785.32,0.7
670,403,10,2025-01-01,2025-01-19,Closed Lost,55000.43,0.0
671,322,13,2025-03-24,2025-07-13,Prospecting,69569.64,0.1
672,425,6,2024-03-27,2024-08-10,Closed Lost,78438.55,0.0
673,53,14,2025-10-30,2025-12-31,Prospecting,71886.57,0.1
674,409,6,2023-10-19,2024-02-21,Proposal,1005.76,0.5
675,172,6,2023-02-26,2023-08-15,Closed Won,16632.27,1.0
676,90,19,2023-08-14,2023-10-07,Qualification,56546.68,0.25
677,450,5,2024-07-30,2024-10-12,Closed Lost,82190.78,0.0
678,369,4,2025-10-05,2025-12-31,Qualification,33094.01,0.25
679,437,16,2024-08-24,2025-01-08,Negotiation,27091.99,0.7
680,345,20,2023-07-07,2023-10-02,Closed Lost,10656.97,0.0
681,287,20,2024-11-04,2025-01-20,Proposal,75625.43,0.5
682,324,8,2024-05-07,2024-09-30,Proposal,23136.8,0.5
683,312,20,2024-11-09,2025-03-24,Closed Lost,30036.03,0.0
684,484,12,2023-05-17,2023-09-11,Closed Won,35397.36,1.0
685,243,11,2024-11-26,2025-01-08,Qualification,55462.32,0.25
686,23,3,2023-06-12,2023-07-22,Prospecting,57562.86,0.1
687,295,15,2023-07-03,2023-11-14,Closed Lost,30890.91,0.0
688,458,20,2024-05-25,2024-06-17,Prospecting,8876.45,0.1
689,14,19,2025-05-16,2025-07-23,Qualification,42939.43,0.25
690,145,11,2023-07-17,2023-08-06,Proposal,67275.63,0.5
691,232,9,2025-03-08,2025-08-24,Prospecting,62226.69,0.1
692,252,12,2023-05-07,2023-05-21,Closed Lost,36852.67,0.0
693,149,12,2025-11-30,2025-12-31,Proposal,91196.87,0.5
694,154,6,2024-07-12,2024-08-31,Prospecting,2631.38,0.1
695,417,3,2023-02-04,2023-08-03,Closed Won,90579.33,1.0
696,487,14,2025-11-18,2025-12-31,Closed Won,63091.1,1.0
697,239,18,2024-10-18,2025-01-02,Closed Won,4568.0,1.0
698,362,12,2025-06-26,2025-08-16,Proposal,33566.05,0.5
699,62,20,2024-09-28,2024-11-04,Proposal,99271.64,0.5
700,428,15,2023-04-09,2023-09-09,Qualification,46342.75,0.25
701,297,13,2025-08-12,2025-08-19,Negotiation,83011.5,0.7
702,217,19,2023-03-02,2023-06-19,Prospecting,90910.63,0.1
703,418,4,2024-07-18,2024-08-22,Qualification,76283.48,0.25
704,285,7,2023-12-18,2024-05-11,Proposal,79029.77,0.5
705,402,12,2025-02-16,2025-07-26,Proposal,97848.27,0.5
706,378,2,2025-01-16,2025-06-09,Qualification,48953.43,0.25
707,454,5,2025-04-18,2025-09-21,Closed Won,84807.4,1.0
708,192,13,2025-05-01,2025-10-08,Closed Lost,11931.5,0.0
709,11,17,2024-05-30,2024-11-06,Prospecting,44061.23,0.1
710,6,6,2023-12-31,2024-05-13,Negotiation,13317.41,0.7
711,14,20,2024-04-06,2024-07-12,Prospecting,66144.14,0.1
712,197,19,2024-06-14,2024-09-22,Closed Won,71138.57,1.0
713,134,20,2023-08-13,2023-11-13,Negotiation,21343.99,0.7
714,326,14,2024-06-19,2024-08-14,Closed Won,35262.8,1.0
715,444,17,2024-02-15,2024-04-14,Negotiation,36493.96,0.7
716,375,18,2024-07-04,2024-12-09,Closed Lost,9417.21,0.0
717,58,18,2025-08-27,2025-12-31,Negotiation,87200.02,0.7
718,353,3,2025-11-22,2025-12-21,Closed Lost,78562.34,0.0
719,313,11,2023-09-03,2023-11-08,Qualification,79840.82,0.25
720,121,6,2023-11-24,2024-01-23,Qualification,10282.45,0.25
721,7,15,2024-07-18,2024-08-14,Closed Lost,90618.63,0.0
722,396,20,2023-07-21,2023-09-03,Negotiation,50819.17,0.7
723,249,20,2025-05-02,2025-07-09,Qualification,74822.24,0.25
724,346,6,2023-03-25,2023-08-10,Closed Lost,7790.59,0.0
725,93,2,2023-12-20,2024-01-08,Closed Won,93885.22,1.0
726,417,8,2024-09-17,2024-12-05,Closed Won,30080.29,1.0
727,398,18,2024-10-13,2024-11-17,Closed Won,49590.04,1.0
728,244,4,2023-07-20,2023-11-10,Proposal,59026.77,0.5
729,175,20,2023-03-12,2023-06-01,Qualification,67192.98,0.25
730,324,6,2023-02-04,2023-02-14,Closed Lost,78392.28,0.0
731,392,4,2025-11-12,2025-12-31,Qualification,14178.01,0.25
732,410,8,2025-10-18,2025-11-05,Closed Lost,13315.88,0.0
733,142,7,2023-07-15,2023-09-21,Negotiation,49727.25,0.7
734,465,2,2024-06-11,2024-06-26,Qualification,98709.25,0.25
735,171,3,2024-11-30,2025-05-26,Negotiation,57823.35,0.7
736,178,17,2025-10-16,2025-12-19,Qualification,25346.97,0.25
737,390,6,2023-08-24,2023-10-29,Negotiation,50582.51,0.7
738,439,5,2023-04-07,2023-05-04,Closed Lost,87979.35,0.0
739,148,13,2025-09-23,2025-12-31,Negotiation,55750.52,0.7
740,232,1,2023-12-26,2024-01-22,Prospecting,39152.15,0.1
741,71,4,2023-04-20,2023-08-11,Qualification,5312.11,0.25
742,397,13,2023-09-29,2023-12-13,Prospecting,46249.07,0.1
743,173,7,2025-06-05,2025-08-23,Closed Lost,64034.96,0.0
744,388,8,2025-03-07,2025-04-22,Closed Won,13659.05,1.0
745,54,8,2024-11-12,2024-11-30,Closed Lost,85514.4,0.0
746,471,19,2024-07-08,2024-09-18,Closed Won,38320.65,1.0
747,289,3,2024-10-30,2024-11-12,Closed Won,14125.88,1.0
748,477,19,2025-12-14,2025-12-31,Closed Won,94109.34,1.0
749,370,19,2024-06-09,2024-09-15,Proposal,67191.55,0.5
750,151,15,2024-07-23,2024-12-29,Negotiation,14939.18,0.7
751,129,10,2023-10-28,2024-04-20,Prospecting,29595.6,0.1
752,185,14,2023-09-15,2024-03-13,Prospecting,45329.06,0.1
753,482,9,2024-04-17,2024-09-16,Proposal,59093.24,0.5
754,155,9,2025-02-25,2025-05-26,Prospecting,87426.53,0.1
755,249,10,2024-09-16,2025-01-08,Closed Lost,80295.39,0.0
756,82,11,2025-11-24,2025-12-18,Proposal,74185.03,0.5
757,409,13,2023-10-03,2024-02-17,Closed Won,53880.01,1.0
758,454,18,2024-09-02,2024-12-15,Proposal,86594.4,0.5
759,43,16,2024-04-14,2024-04-27,Proposal,24584.8,0.5
760,306,4,2024-08-24,2024-10-09,Prospecting,24521.96,0.1
761,486,16,2024-04-03,2024-07-30,Closed Lost,61327.05,0.0
762,110,16,2024-11-27,2025-02-08,Closed Won,22660.1,1.0
763,226,4,2025-09-20,2025-12-31,Qualification,75091.99,0.25
764,60,6,2025-01-11,2025-03-23,Qualification,17159.71,0.25
765,270,7,2024-10-11,2024-10-18,Closed Lost,21152.68,0.0
766,71,6,2024-07-17,2024-08-18,Qualification,29509.22,0.25
767,153,3,2024-04-15,2024-08-16,Qualification,5313.13,0.25
768,26,2,2025-09-16,2025-12-20,Qualification,82486.85,0.25
769,470,20,2025-05-29,2025-08-04,Qualification,24239.34,0.25
770,191,6,2025-09-29,2025-12-31,Qualification,23385.28,0.25
771,272,7,2023-07-18,2023-07-25,Closed Won,34805.64,1.0
772,280,6,2025-07-31,2025-11-08,Proposal,68556.21,0.5
773,271,20,2025-04-30,2025-07-03,Qualification,94802.21,0.25
774,286,17,2024-07-29,2024-11-07,Prospecting,72998.81,0.1
775,297,17,2024-12-10,2025-04-25,Closed Won,70877.24,1.0
776,410,20,2023-07-11,2023-11-30,Prospecting,91280.58,0.1
777,419,18,2024-07-07,2024-08-29,Closed Won,12890.39,1.0
778,2,14,2024-04-26,2024-07-15,Qualification,78222.75,0.25
779,302,11,2024-06-06,2024-07-31,Qualification,66144.28,0.25
780,146,19,2024-11-26,2025-01-20,Proposal,20351.18,0.5
781,321,1,2025-07-18,2025-08-19,Closed Won,45036.35,1.0
782,111,6,2024-07-07,2024-07-26,Closed Won,67823.03,1.0
783,424,2,2024-08-19,2024-10-02,Proposal,77742.39,0.5
784,380,15,2023-02-20,2023-08-02,Closed Lost,9023.75,0.0
785,69,10,2024-04-05,2024-05-10,Negotiation,20078.82,0.7
786,408,16,2024-04-10,2024-04-17,Closed Lost,52061.32,0.0
787,123,19,2023-12-16,2024-03-10,Proposal,48532.02,0.5
788,43,6,2023-02-28,2023-07-09,Prospecting,89664.19,0.1
789,483,19,2025-01-19,2025-06-01,Closed Won,81306.76,1.0
790,156,4,2025-06-03,2025-11-10,Prospecting,5935.16,0.1
791,84,9,2025-10-27,2025-12-31,Qualification,47605.15,0.25
792,20,15,2024-08-18,2025-02-07,Closed Won,36635.31,1.0
793,40,12,2025-02-25,2025-07-28,Closed Won,63222.41,1.0
794,479,19,2023-10-21,2024-03-14,Qualification,9440.75,0.25
795,55,14,2025-08-07,2025-12-18,Closed Won,58050.01,1.0
796,451,18,2025-04-10,2025-07-17,Prospecting,93191.05,0.1
797,499,1,2023-04-09,2023-04-29,Proposal,28328.47,0.5
798,60,5,2023-10-22,2024-02-25,Negotiation,39595.39,0.7
799,432,16,2024-03-31,2024-05-01,Negotiation,14623.96,0.7
800,10,7,2025-01-23,2025-02-22,Prospecting,98308.62,0.1
801,441,10,2025-03-01,2025-06-21,Closed Won,35532.49,1.0
802,122,18,2024-05-04,2024-10-07,Negotiation,99379.01,0.7
803,47,18,2024-07-07,2024-11-06,Closed Lost,81887.21,0.0
804,199,8,2024-07-05,2024-10-13,Closed Won,8378.64,1.0
805,413,3,2023-04-08,2023-05-30,Prospecting,18229.58,0.1
806,437,16,2023-11-22,2024-01-17,Negotiation,20175.76,0.7
807,306,17,2023-10-02,2024-01-01,Prospecting,10243.74,0.1
808,79,13,2023-03-06,2023-05-04,Closed Lost,9556.79,0.0
809,19,13,2023-11-10,2024-01-15,Negotiation,3438.32,0.7
810,478,6,2025-07-19,2025-12-31,Proposal,56142.39,0.5
811,167,10,2024-12-18,2025-02-03,Qualification,58000.11,0.25
812,254,13,2025-03-16,2025-06-17,Closed Lost,67567.88,0.0
813,153,12,2024-03-31,2024-04-26,Negotiation,60589.13,0.7
814,174,8,2024-12-25,2025-06-02,Prospecting,21423.95,0.1
815,105,15,2024-12-28,2025-03-17,Qualification,83468.03,0.25
816,444,13,2023-11-23,2024-02-03,Negotiation,42989.77,0.7
817,247,13,2023-09-15,2023-11-03,Negotiation,91239.65,0.7
818,302,1,2023-06-01,2023-10-12,Proposal,64757.6,0.5
819,388,5,2024-07-22,2024-10-28,Proposal,94029.27,0.5
820,306,14,2024-08-25,2024-10-14,Closed Lost,5280.29,0.0
821,231,18,2024-06-17,2024-07-31,Proposal,29608.48,0.5
822,43,20,2023-04-18,2023-07-30,Proposal,23711.74,0.5
823,149,17,2025-03-26,2025-04-12,Closed Lost,65034.11,0.0
824,24,4,2025-09-21,2025-11-23,Prospecting,11744.19,0.1
825,453,19,2024-12-13,2025-03-27,Proposal,24220.62,0.5
826,380,11,2025-01-28,2025-03-23,Prospecting,10490.91,0.1
827,178,1,2024-07-27,2024-09-18,Proposal,1478.25,0.5
828,500,2,2024-06-18,2024-08-18,Closed Lost,47065.76,0.0
829,412,17,2025-12-10,2025-12-31,Closed Won,3648.27,1.0
830,190,12,2024-05-08,2024-08-09,Closed Won,72109.05,1.0
831,165,9,2025-10-26,2025-12-31,Qualification,43288.71,0.25
832,290,16,2025-07-07,2025-10-17,Closed Won,45446.15,1.0
833,473,6,2024-06-16,2024-07-27,Proposal,73631.42,0.5
834,86,16,2023-04-29,2023-07-22,Qualification,39074.63,0.25
835,254,17,2024-10-30,2025-02-17,Closed Won,26325.89,1.0
836,232,17,2024-11-02,2024-11-24,Closed Lost,89093.17,0.0
837,120,2,2025-06-01,2025-10-09,Qualification,76533.22,0.25
838,279,13,2025-11-13,2025-12-17,Proposal,53464.03,0.5
839,454,20,2025-06-18,2025-11-05,Closed Lost,77995.13,0.0
840,489,20,2024-06-19,2024-09-29,Prospecting,11644.51,0.1
841,212,16,2024-03-31,2024-09-27,Qualification,80542.57,0.25
842,316,19,2023-05-26,2023-11-14,Closed Lost,64608.53,0.0
843,225,4,2023-11-13,2024-03-17,Proposal,17936.77,0.5
844,408,20,2023-02-11,2023-02-20,Closed Lost,15542.63,0.0
845,163,3,2025-01-23,2025-07-05,Closed Lost,39179.49,0.0
846,105,6,2025-09-22,2025-12-27,Negotiation,6503.21,0.7
847,40,8,2023-03-27,2023-08-25,Closed Lost,25322.84,0.0
848,209,9,2023-02-11,2023-03-06,Proposal,31864.62,0.5
849,289,10,2023-08-10,2024-01-23,Negotiation,16613.73,0.7
850,253,11,2023-05-26,2023-11-17,Prospecting,21921.41,0.1
851,369,8,2025-12-22,2025-12-31,Negotiation,57260.75,0.7
852,37,3,2023-11-11,2024-03-31,Closed Won,27350.67,1.0
853,385,8,2025-07-23,2025-08-18,Qualification,88580.33,0.25
854,271,9,2025-09-19,2025-10-03,Closed Won,46530.59,1.0
855,239,16,2025-04-23,2025-08-25,Closed Won,6650.33,1.0
856,55,14,2024-04-24,2024-08-30,Qualification,97138.8,0.25
857,252,10,2023-10-21,2024-02-19,Proposal,61352.14,0.5
858,497,13,2025-04-27,2025-05-16,Prospecting,5270.31,0.1
859,305,15,2025-06-25,2025-10-30,Proposal,6102.14,0.5
860,190,13,2023-04-23,2023-05-16,Closed Won,22325.84,1.0
861,49,1,2025-02-19,2025-03-16,Closed Won,1859.87,1.0
862,21,1,2025-12-14,2025-12-31,Qualification,81266.51,0.25
863,471,5,2025-10-20,2025-11-11,Prospecting,10923.33,0.1
864,360,13,2023-10-15,2023-11-24,Closed Lost,12555.17,0.0
865,433,2,2024-03-22,2024-09-02,Prospecting,32544.47,0.1
866,376,13,2023-09-07,2023-10-03,Closed Won,90957.8,1.0
867,3,13,2024-02-06,2024-04-21,Closed Lost,59214.19,0.0
868,245,3,2025-08-06,2025-12-02,Closed Won,52298.03,1.0
869,41,3,2023-03-23,2023-04-27,Proposal,61773.67,0.5
870,381,5,2025-05-21,2025-07-25,Qualification,56305.63,0.25
871,396,5,2025-01-13,2025-02-17,Closed Won,38732.28,1.0
872,222,15,2024-11-05,2025-03-21,Closed Lost,39228.44,0.0
873,249,1,2023-10-26,2023-11-29,Prospecting,89926.04,0.1
874,403,20,2023-11-16,2024-02-14,Proposal,85526.05,0.5
875,81,9,2025-03-10,2025-06-05,Proposal,4567.33,0.5
876,406,5,2023-11-17,2023-12-15,Closed Won,66674.18,1.0
877,170,15,2024-10-28,2025-01-10,Closed Lost,52962.58,0.0
878,451,6,2024-12-08,2025-05-22,Proposal,1195.4,0.5
879,71,14,2024-08-25,2024-10-07,Proposal,65433.98,0.5
880,60,15,2024-03-16,2024-05-24,Proposal,18764.3,0.5
881,483,4,2024-10-18,2025-01-06,Closed Won,44820.57,1.0
882,206,3,2024-02-02,2024-03-19,Prospecting,16302.58,0.1
883,121,4,2024-02-27,2024-08-09,Closed Lost,13895.58,0.0
884,375,15,2025-12-09,2025-12-31,Negotiation,43105.84,0.7
885,92,17,2024-07-27,2024-10-20,Closed Won,88557.24,1.0
886,100,20,2025-09-28,2025-12-31,Prospecting,50400.8,0.1
887,118,2,2023-05-07,2023-05-25,Proposal,61601.78,0.5
888,388,14,2025-03-02,2025-06-23,Negotiation,86829.38,0.7
889,81,20,2023-12-24,2024-05-24,Negotiation,4132.99,0.7
890,307,3,2025-06-08,2025-11-28,Proposal,84589.91,0.5
891,213,10,2023-03-27,2023-06-07,Closed Lost,49782.8,0.0
892,435,9,2024-11-02,2025-01-13,Proposal,64157.06,0.5
893,368,4,2024-09-15,2025-01-04,Proposal,47309.65,0.5
894,102,9,2024-05-17,2024-11-02,Negotiation,12014.8,0.7
895,109,6,2023-12-09,2024-04-13,Closed Won,74891.61,1.0
896,401,6,2025-12-03,2025-12-31,Qualification,15456.16,0.25
897,132,18,2025-08-17,2025-11-28,Negotiation,96125.54,0.7
898,394,20,2024-08-15,2024-09-23,Negotiation,86263.13,0.7
899,322,9,2024-08-16,2024-12-10,Closed Lost,31230.04,0.0
900,15,5,2023-05-01,2023-06-25,Closed Lost,3976.76,0.0
901,168,19,2023-07-25,2023-10-16,Qualification,39089.91,0.25
902,284,6,2024-08-24,2024-11-30,Qualification,55858.68,0.25
903,490,11,2024-03-16,2024-04-26,Qualification,31260.09,0.25
904,264,6,2024-05-16,2024-07-17,Proposal,39372.13,0.5
905,392,14,2023-09-29,2024-02-17,Closed Won,96363.39,1.0
906,310,5,2025-01-17,2025-05-27,Closed Lost,37490.2,0.0
907,1,4,2023-01-11,2023-03-15,Closed Lost,61859.98,0.0
908,204,3,2024-02-18,2024-04-24,Closed Lost,47205.88,0.0
909,498,1,2023-06-09,2023-09-17,Closed Lost,46236.33,0.0
910,41,12,2023-07-23,2023-10-17,Prospecting,12404.79,0.1
911,79,7,2025-12-18,2025-12-31,Closed Lost,38664.44,0.0
912,83,18,2023-05-22,2023-08-27,Qualification,61345.86,0.25
913,449,13,2023-05-31,2023-07-05,Proposal,54990.46,0.5
914,193,7,2024-11-22,2024-12-08,Closed Won,77802.43,1.0
915,455,15,2025-07-07,2025-12-24,Proposal,3245.32,0.5
916,336,20,2023-10-08,2023-11-14,Proposal,7371.06,0.5
917,438,9,2023-07-09,2023-07-31,Prospecting,64801.8,0.1
918,236,16,2024-08-26,2024-10-28,Prospecting,4513.73,0.1
919,172,13,2024-04-06,2024-05-18,Prospecting,68056.16,0.1
920,322,7,2024-08-15,2024-09-28,Negotiation,64680.99,0.7
921,443,7,2023-01-18,2023-07-06,Closed Won,18140.24,1.0
922,116,4,2023-12-04,2024-03-20,Negotiation,42300.96,0.7
923,32,15,2023-06-29,2023-09-23,Qualification,8836.92,0.25
924,437,16,2024-11-26,2025-01-30,Closed Won,50790.95,1.0
925,494,6,2023-06-10,2023-08-26,Prospecting,27347.36,0.1
926,16,13,2025-06-03,2025-08-23,Qualification,59600.06,0.25
927,102,17,2024-06-10,2024-09-22,Prospecting,28847.48,0.1
928,255,10,2024-02-18,2024-07-03,Closed Lost,7260.98,0.0
929,161,10,2023-10-03,2024-02-25,Closed Lost,59911.66,0.0
930,243,9,2023-04-15,2023-07-22,Closed Won,29154.23,1.0
931,450,11,2024-05-19,2024-10-15,Closed Won,29988.93,1.0
932,422,6,2023-10-01,2024-02-15,Closed Won,48947.92,1.0
933,289,18,2024-09-17,2024-12-18,Closed Won,46366.61,1.0
934,355,10,2024-01-01,2024-02-24,Proposal,34646.82,0.5
935,11,1,2023-02-24,2023-08-16,Proposal,15986.45,0.5
936,205,4,2023-08-19,2023-11-10,Closed Lost,59563.58,0.0
937,410,9,2023-08-13,2023-12-19,Negotiation,53147.85,0.7
938,333,2,2025-01-31,2025-04-01,Closed Won,74152.02,1.0
939,195,13,2024-12-10,2025-04-08,Closed Lost,62374.62,0.0
940,402,7,2023-09-20,2024-01-15,Closed Won,18495.89,1.0
941,475,1,2024-04-30,2024-09-29,Proposal,80319.38,0.5
942,336,12,2023-03-08,2023-09-02,Closed Lost,89583.09,0.0
943,338,6,2024-12-20,2025-02-15,Closed Won,34132.81,1.0
944,432,16,2025-01-26,2025-05-15,Closed Lost,21408.36,0.0
945,81,10,2024-03-22,2024-04-25,Qualification,81896.81,0.25
946,414,2,2025-01-11,2025-06-02,Closed Lost,84186.87,0.0
947,60,3,2023-09-09,2023-11-11,Prospecting,74070.87,0.1
948,342,7,2025-06-30,2025-10-04,Prospecting,49562.78,0.1
949,457,10,2025-01-17,2025-06-15,Qualification,41714.36,0.25
950,220,19,2023-12-28,2024-02-04,Proposal,9567.81,0.5
951,454,18,2024-09-24,2024-12-19,Qualification,55766.27,0.25
952,119,11,2025-09-01,2025-09-25,Negotiation,93249.16,0.7
953,349,19,2024-03-17,2024-06-21,Closed Lost,67235.67,0.0
954,143,18,2023-06-21,2023-07-12,Proposal,78562.43,0.5
955,466,16,2023-12-23,2024-03-23,Negotiation,16745.88,0.7
956,102,7,2024-03-12,2024-08-22,Negotiation,78819.05,0.7
957,1,20,2023-09-13,2024-01-08,Prospecting,76957.24,0.1
958,339,16,2023-10-17,2024-03-12,Negotiation,66432.79,0.7
959,247,11,2024-08-23,2024-10-08,Closed Lost,69769.66,0.0
960,226,5,2023-07-30,2023-10-25,Qualification,40304.7,0.25
961,384,12,2023-04-07,2023-09-12,Negotiation,86270.82,0.7
962,54,5,2023-03-15,2023-06-28,Negotiation,61979.81,0.7
963,441,9,2024-10-04,2025-01-20,Closed Won,33633.38,1.0
964,293,8,2024-08-19,2024-09-15,Negotiation,29277.83,0.7
965,196,18,2024-02-25,2024-03-28,Prospecting,9627.94,0.1
966,384,5,2024-10-12,2025-01-06,Prospecting,17844.67,0.1
967,355,1,2023-07-23,2023-12-09,Prospecting,39924.85,0.1
968,351,12,2024-05-17,2024-09-05,Qualification,17808.36,0.25
969,75,20,2023-09-08,2024-02-02,Proposal,86829.93,0.5
970,103,2,2023-07-02,2023-10-26,Proposal,40498.71,0.5
971,225,3,2025-06-20,2025-08-27,Closed Won,52040.48,1.0
972,489,9,2024-08-18,2025-01-02,Proposal,68479.9,0.5
973,331,10,2024-09-22,2024-11-18,Prospecting,1393.66,0.1
974,241,10,2024-11-21,2025-05-19,Negotiation,74070.59,0.7
975,421,12,2023-09-06,2024-02-25,Proposal,89971.12,0.5
976,126,7,2023-07-25,2023-12-07,Qualification,10612.06,0.25
977,488,8,2023-12-25,2024-04-03,Qualification,86077.03,0.25
978,377,12,2025-06-06,2025-08-02,Prospecting,33919.3,0.1
979,29,15,2025-08-06,2025-12-20,Negotiation,40982.56,0.7
980,369,13,2023-04-30,2023-06-23,Proposal,3299.6,0.5
981,295,12,2025-05-25,2025-09-18,Prospecting,93697.98,0.1
982,219,3,2023-02-09,2023-06-27,Proposal,71471.81,0.5
983,191,12,2023-04-07,2023-07-30,Closed Won,62011.9,1.0
984,131,16,2024-03-04,2024-04-14,Negotiation,76561.15,0.7
985,33,6,2024-07-09,2024-08-12,Closed Lost,71204.71,0.0
986,134,7,2024-07-11,2024-07-21,Closed Lost,75503.29,0.0
987,108,11,2025-06-11,2025-10-29,Proposal,51964.93,0.5
988,35,18,2025-03-05,2025-03-24,Prospecting,1529.23,0.1
989,199,7,2023-11-15,2023-11-23,Closed Won,49338.68,1.0
990,364,19,2025-12-23,2025-12-31,Prospecting,59649.26,0.1
991,260,19,2023-10-25,2024-03-02,Prospecting,57072.12,0.1
992,274,16,2024-03-27,2024-08-24,Prospecting,95405.42,0.1
993,50,17,2023-09-21,2023-10-22,Negotiation,33914.72,0.7
994,216,1,2023-06-01,2023-10-05,Closed Lost,36841.92,0.0
995,221,15,2023-07-30,2023-12-14,Prospecting,96556.33,0.1
996,157,20,2024-10-16,2024-11-24,Qualification,41738.19,0.25
997,315,8,2023-06-27,2023-09-27,Qualification,68926.32,0.25
998,427,13,2023-12-11,2024-04-26,Prospecting,90790.91,0.1
999,486,16,2025-06-12,2025-09-13,Closed Lost,8962.07,0.0
1000,315,15,2024-02-16,2024-03-13,Qualification,9261.16,0.25
1001,167,5,2024-08-16,2025-01-15,Qualification,12456.37,0.25
1002,402,12,2025-09-28,2025-12-31,Negotiation,80210.39,0.7
1003,217,12,2024-12-02,2025-05-15,Qualification,95292.74,0.25
1004,165,14,2023-05-09,2023-06-08,Closed Won,87936.55,1.0
1005,110,20,2025-05-18,2025-11-01,Proposal,11914.8,0.5
1006,393,11,2023-08-13,2023-12-14,Qualification,47411.35,0.25
1007,89,18,2024-05-30,2024-10-20,Closed Lost,20234.98,0.0
1008,402,11,2023-07-10,2023-09-04,Proposal,13026.9,0.5
1009,7,16,2023-02-18,2023-04-14,Qualification,29041.81,0.25
1010,493,17,2024-09-29,2025-03-06,Negotiation,84710.07,0.7
1011,382,10,2025-06-22,2025-09-20,Negotiation,30850.72,0.7
1012,276,5,2025-05-26,2025-08-21,Proposal,71177.16,0.5
1013,286,6,2023-08-24,2024-01-09,Negotiation,22549.43,0.7
1014,262,18,2023-08-05,2023-09-13,Proposal,90644.13,0.5
1015,461,12,2025-09-29,2025-12-31,Proposal,82320.02,0.5
1016,107,10,2023-04-29,2023-06-30,Prospecting,34703.72,0.1
1017,340,14,2025-02-15,2025-05-28,Prospecting,55000.72,0.1
1018,220,8,2024-10-23,2025-02-14,Closed Won,56703.04,1.0
1019,252,3,2025-10-01,2025-12-15,Proposal,48452.61,0.5
1020,382,8,2024-04-12,2024-07-06,Prospecting,17368.76,0.1
1021,426,3,2025-11-28,2025-12-31,Qualification,27098.54,0.25
1022,424,5,2023-02-22,2023-06-17,Proposal,77877.01,0.5
1023,392,6,2025-07-01,2025-10-23,Negotiation,37301.76,0.7
1024,444,8,2023-03-29,2023-07-21,Negotiation,63545.55,0.7
1025,349,16,2024-04-22,2024-06-22,Negotiation,44619.41,0.7
1026,18,18,2025-07-19,2025-09-29,Proposal,84842.7,0.5
1027,63,4,2024-05-30,2024-07-27,Closed Won,47442.9,1.0
1028,7,7,2025-11-30,2025-12-31,Closed Lost,6441.97,0.0
1029,172,17,2024-07-17,2024-08-02,Closed Won,73838.09,1.0
1030,471,16,2024-01-11,2024-05-19,Closed Lost,68733.51,0.0
1031,341,1,2024-02-10,2024-03-22,Prospecting,21905.35,0.1
1032,224,12,2025-06-14,2025-09-30,Negotiation,28862.34,0.7
1033,405,17,2023-07-17,2023-11-29,Proposal,48014.09,0.5
1034,282,17,2025-10-17,2025-12-31,Closed Won,47233.29,1.0
1035,372,16,2024-09-15,2024-12-20,Closed Won,62946.82,1.0
1036,44,4,2024-12-29,2025-05-04,Closed Lost,58516.51,0.0
1037,493,20,2024-08-21,2025-01-28,Prospecting,46352.31,0.1
1038,314,2,2024-08-24,2024-12-15,Prospecting,65083.32,0.1
1039,91,8,2025-02-08,2025-07-15,Closed Lost,90881.66,0.0
1040,333,7,2024-12-26,2025-01-26,Prospecting,54352.0,0.1
1041,204,13,2023-09-30,2024-02-10,Closed Lost,52157.8,0.0
1042,311,19,2025-12-01,2025-12-31,Closed Won,97145.43,1.0
1043,118,6,2025-12-11,2025-12-31,Qualification,2756.29,0.25
1044,26,11,2025-02-28,2025-05-30,Prospecting,64506.2,0.1
1045,387,6,2023-10-14,2023-12-26,Prospecting,10567.37,0.1
1046,49,8,2023-03-22,2023-07-20,Negotiation,38017.95,0.7
1047,145,20,2024-03-18,2024-06-19,Qualification,84076.36,0.25
1048,365,19,2025-02-04,2025-06-12,Negotiation,6251.39,0.7
1049,403,19,2025-05-05,2025-05-30,Prospecting,54454.28,0.1
1050,396,11,2023-12-04,2024-05-10,Negotiation,6320.0,0.7
1051,204,3,2024-02-26,2024-07-15,Negotiation,54731.84,0.7
1052,193,5,2023-10-21,2024-03-21,Negotiation,41706.44,0.7
1053,324,11,2023-08-21,2024-02-06,Qualification,34191.88,0.25
1054,436,4,2025-04-07,2025-05-01,Proposal,72404.55,0.5
1055,321,7,2024-12-06,2025-02-01,Closed Lost,91697.1,0.0
1056,301,12,2024-09-14,2025-02-10,Closed Lost,58061.76,0.0
1057,468,2,2024-05-16,2024-06-08,Qualification,87144.16,0.25
1058,22,10,2023-03-07,2023-07-25,Proposal,58120.8,0.5
1059,347,15,2023-04-08,2023-04-22,Qualification,28687.05,0.25
1060,94,8,2023-03-07,2023-05-08,Negotiation,71922.78,0.7
1061,154,5,2025-10-02,2025-12-11,Qualification,8684.8,0.25
1062,226,4,2024-09-29,2024-10-22,Proposal,88559.39,0.5
1063,202,6,2025-11-15,2025-12-31,Negotiation,87240.98,0.7
1064,475,10,2023-06-03,2023-10-10,Negotiation,60948.75,0.7
1065,18,4,2023-10-16,2024-04-04,Closed Won,18587.88,1.0
1066,278,5,2025-10-10,2025-11-20,Negotiation,89341.77,0.7
1067,393,11,2023-06-15,2023-09-17,Prospecting,90388.96,0.1
1068,121,3,2023-02-10,2023-06-22,Closed Lost,57175.72,0.0
1069,340,9,2024-04-05,2024-05-18,Proposal,69055.33,0.5
1070,358,11,2025-03-08,2025-04-04,Closed Won,90133.13,1.0
1071,247,3,2023-07-08,2023-12-18,Negotiation,39824.73,0.7
1072,218,11,2024-07-19,2024-10-23,Negotiation,6099.98,0.7
1073,428,7,2025-12-24,2025-12-31,Closed Won,44151.64,1.0
1074,230,15,2025-06-23,2025-11-07,Proposal,69933.41,0.5
1075,34,19,2023-07-17,2024-01-13,Negotiation,13174.84,0.7
1076,253,13,2024-02-04,2024-07-27,Closed Won,78985.41,1.0
1077,251,1,2025-09-06,2025-09-13,Closed Lost,86404.18,0.0
1078,296,14,2023-01-03,2023-02-11,Qualification,65021.66,0.25
1079,227,17,2023-11-26,2024-02-11,Proposal,34346.52,0.5
1080,6,8,2024-08-17,2024-10-13,Prospecting,70240.12,0.1
1081,216,10,2025-10-14,2025-12-31,Closed Lost,75716.73,0.0
1082,306,3,2025-05-17,2025-08-19,Closed Won,31444.16,1.0
1083,427,10,2025-04-29,2025-09-21,Closed Lost,73525.8,0.0
1084,364,7,2025-11-12,2025-12-31,Closed Lost,27902.43,0.0
1085,73,6,2024-01-01,2024-01-09,Qualification,72448.15,0.25
1086,14,7,2025-02-13,2025-07-11,Negotiation,50619.5,0.7
1087,378,16,2025-08-21,2025-11-29,Proposal,97040.61,0.5
1088,362,13,2025-12-24,2025-12-31,Proposal,33440.26,0.5
1089,134,14,2024-10-26,2024-12-26,Prospecting,58418.94,0.1
1090,58,8,2024-08-12,2024-10-10,Prospecting,91190.75,0.1
1091,236,12,2023-09-22,2023-11-06,Qualification,35255.16,0.25
1092,216,13,2023-02-09,2023-04-23,Prospecting,14674.24,0.1
1093,375,1,2024-09-18,2024-11-25,Closed Lost,79977.36,0.0
1094,332,15,2024-07-29,2024-10-24,Proposal,96802.27,0.5
1095,78,14,2024-04-20,2024-05-22,Proposal,77239.42,0.5
1096,130,16,2025-05-14,2025-07-05,Qualification,80987.05,0.25
1097,285,5,2025-06-16,2025-10-10,Prospecting,20942.04,0.1
1098,32,2,2025-10-25,2025-11-16,Negotiation,96218.07,0.7
1099,433,17,2023-10-23,2024-01-03,Proposal,53036.17,0.5
1100,336,19,2025-05-27,2025-08-11,Prospecting,63267.17,0.1
1101,314,16,2024-05-05,2024-10-12,Closed Won,83956.11,1.0
1102,408,20,2024-05-15,2024-11-06,Closed Lost,23160.35,0.0
1103,101,17,2024-02-20,2024-04-29,Closed Won,20373.47,1.0
1104,283,13,2025-07-02,2025-10-26,Closed Won,51724.48,1.0
1105,263,4,2025-12-05,2025-12-31,Closed Won,15815.54,1.0
1106,223,18,2025-07-05,2025-09-03,Closed Won,87184.57,1.0
1107,73,8,2023-07-29,2023-11-09,Proposal,18873.24,0.5
1108,326,20,2024-11-12,2024-11-28,Negotiation,81018.62,0.7
1109,120,12,2024-04-27,2024-09-03,Closed Won,97516.91,1.0
1110,13,13,2023-09-30,2023-11-05,Closed Won,60759.65,1.0
1111,342,7,2025-11-23,2025-12-31,Closed Won,40983.65,1.0
1112,429,20,2024-03-03,2024-05-23,Qualification,59831.27,0.25
1113,79,5,2024-12-19,2025-01-09,Closed Won,40066.46,1.0
1114,274,3,2025-04-16,2025-10-09,Closed Lost,43958.1,0.0
1115,380,15,2023-04-26,2023-08-26,Negotiation,44596.31,0.7
1116,360,20,2025-04-26,2025-08-24,Closed Lost,71488.41,0.0
1117,312,2,2025-09-14,2025-10-10,Closed Won,99591.31,1.0
1118,465,14,2025-01-04,2025-06-26,Closed Won,44346.92,1.0
1119,17,12,2025-10-23,2025-12-31,Closed Won,23539.69,1.0
1120,218,6,2024-03-17,2024-07-26,Proposal,5247.42,0.5
1121,364,8,2024-06-08,2024-07-20,Negotiation,12617.52,0.7
1122,355,16,2024-05-09,2024-06-23,Proposal,98408.19,0.5
1123,271,18,2025-10-17,2025-12-11,Negotiation,35668.22,0.7
1124,422,14,2024-07-14,2024-12-23,Prospecting,61797.02,0.1
1125,155,1,2025-03-16,2025-04-12,Qualification,14981.88,0.25
1126,94,9,2025-03-30,2025-06-05,Proposal,97202.66,0.5
1127,179,16,2025-08-14,2025-12-02,Qualification,60342.41,0.25
1128,166,2,2023-10-29,2024-02-14,Closed Lost,70263.32,0.0
1129,347,10,2023-01-24,2023-05-30,Qualification,55722.87,0.25
1130,182,17,2024-04-09,2024-08-24,Closed Lost,71492.92,0.0
1131,302,17,2023-01-17,2023-01-30,Closed Won,62569.66,1.0
1132,292,6,2025-05-28,2025-09-23,Closed Lost,93351.55,0.0
1133,477,11,2024-07-02,2024-12-21,Proposal,69318.55,0.5
1134,258,15,2023-05-13,2023-07-27,Closed Won,3841.64,1.0
1135,192,9,2024-04-02,2024-07-06,Closed Lost,61128.62,0.0
1136,196,10,2024-04-07,2024-06-26,Proposal,24250.18,0.5
1137,256,19,2025-03-13,2025-04-14,Closed Lost,7088.36,0.0
1138,73,14,2025-06-29,2025-10-30,Qualification,15800.39,0.25
1139,388,11,2024-09-21,2025-01-02,Closed Lost,67821.41,0.0
1140,255,1,2024-05-10,2024-07-16,Prospecting,2037.3,0.1
1141,439,16,2023-10-06,2024-02-07,Proposal,74472.92,0.5
1142,355,14,2025-05-09,2025-10-19,Negotiation,76634.47,0.7
1143,164,4,2024-05-13,2024-10-04,Closed Lost,4831.4,0.0
1144,194,20,2024-05-31,2024-09-06,Qualification,87213.1,0.25
1145,447,3,2023-01-21,2023-02-26,Negotiation,52056.45,0.7
1146,4,2,2023-11-14,2023-11-30,Negotiation,34862.05,0.7
1147,464,20,2023-02-21,2023-06-11,Closed Won,86008.5,1.0
1148,475,12,2023-06-15,2023-09-19,Proposal,53444.51,0.5
1149,74,9,2024-03-24,2024-08-27,Closed Lost,16520.84,0.0
1150,174,6,2024-06-08,2024-09-04,Proposal,94441.72,0.5
1151,381,18,2024-03-10,2024-05-02,Qualification,10495.74,0.25
1152,411,19,2024-09-25,2024-12-12,Prospecting,19764.04,0.1
1153,206,19,2025-02-04,2025-07-28,Prospecting,91083.75,0.1
1154,41,11,2024-02-12,2024-04-12,Prospecting,24608.35,0.1
1155,22,16,2025-06-07,2025-11-10,Proposal,59138.47,0.5
1156,392,14,2023-01-28,2023-05-04,Closed Lost,66270.46,0.0
1157,421,7,2025-01-26,2025-02-18,Prospecting,84108.41,0.1
1158,414,5,2025-04-22,2025-05-27,Closed Lost,78742.02,0.0
1159,414,17,2025-11-28,2025-12-31,Proposal,5062.58,0.5
1160,13,13,2023-08-20,2023-09-12,Negotiation,82916.8,0.7
1161,161,5,2024-04-14,2024-09-03,Qualification,7855.7,0.25
1162,298,19,2025-06-21,2025-11-07,Closed Won,60647.2,1.0
1163,481,8,2025-03-23,2025-05-03,Closed Won,58052.33,1.0
1164,29,12,2023-01-16,2023-07-06,Qualification,55697.04,0.25
1165,165,13,2023-10-23,2023-11-18,Closed Won,36558.2,1.0
1166,293,4,2023-04-17,2023-09-14,Qualification,74660.67,0.25
1167,360,18,2023-11-03,2024-04-25,Negotiation,6284.22,0.7
1168,135,20,2024-12-25,2025-05-16,Closed Won,42682.82,1.0
1169,8,20,2023-05-20,2023-10-14,Proposal,27961.67,0.5
1170,158,15,2024-05-10,2024-10-03,Negotiation,35967.68,0.7
1171,329,2,2023-05-23,2023-11-05,Qualification,90542.74,0.25
1172,272,16,2025-02-02,2025-04-14,Closed Won,46278.51,1.0
1173,116,1,2023-03-17,2023-06-18,Negotiation,38675.73,0.7
1174,300,10,2023-04-07,2023-07-18,Negotiation,99662.24,0.7
1175,185,1,2024-07-11,2024-12-25,Negotiation,87288.92,0.7
1176,114,11,2023-07-19,2023-08-30,Closed Lost,78085.67,0.0
1177,441,13,2023-04-18,2023-08-09,Negotiation,63209.17,0.7
1178,179,20,2025-06-05,2025-06-26,Proposal,3880.28,0.5
1179,357,15,2023-02-12,2023-06-29,Proposal,64748.07,0.5
1180,295,7,2025-05-26,2025-08-25,Negotiation,54244.84,0.7
1181,299,4,2025-09-02,2025-12-31,Closed Lost,96769.29,0.0
1182,78,19,2024-09-23,2025-02-01,Proposal,23349.42,0.5
1183,43,19,2023-03-27,2023-05-21,Proposal,87089.0,0.5
1184,71,15,2025-03-04,2025-03-15,Closed Won,13350.19,1.0
1185,392,10,2025-05-15,2025-07-30,Negotiation,8053.38,0.7
1186,87,3,2024-01-19,2024-03-30,Closed Lost,65579.21,0.0
1187,67,14,2023-07-26,2023-08-21,Closed Lost,58507.83,0.0
1188,231,7,2025-05-03,2025-10-29,Qualification,24220.84,0.25
1189,464,18,2023-08-12,2023-10-14,Qualification,1736.17,0.25
1190,84,8,2024-05-13,2024-06-14,Proposal,37629.48,0.5
1191,198,7,2025-10-02,2025-12-31,Prospecting,21521.23,0.1
1192,325,5,2024-02-06,2024-03-30,Closed Won,44854.51,1.0
1193,461,18,2025-01-16,2025-05-09,Proposal,40937.73,0.5
1194,338,11,2025-03-15,2025-07-05,Closed Won,4373.17,1.0
1195,465,18,2023-03-25,2023-04-09,Prospecting,71837.41,0.1
1196,241,12,2024-12-17,2025-02-17,Closed Won,12468.09,1.0
1197,351,18,2023-04-19,2023-05-19,Proposal,27686.32,0.5
1198,326,2,2024-11-13,2025-03-16,Closed Won,11547.0,1.0
1199,365,9,2025-09-11,2025-12-31,Closed Won,96696.4,1.0
1200,447,4,2023-08-07,2023-10-25,Closed Won,98007.28,1.0
